-- phpMyAdmin SQL Dump
-- version 3.4.11.1deb1
-- http://www.phpmyadmin.net
--
-- Host: localhost
-- Czas wygenerowania: 18 Cze 2013, 13:17
-- Wersja serwera: 5.5.31
-- Wersja PHP: 5.4.6-1ubuntu1.2

SET SQL_MODE="NO_AUTO_VALUE_ON_ZERO";
SET time_zone = "+00:00";


/*!40101 SET @OLD_CHARACTER_SET_CLIENT=@@CHARACTER_SET_CLIENT */;
/*!40101 SET @OLD_CHARACTER_SET_RESULTS=@@CHARACTER_SET_RESULTS */;
/*!40101 SET @OLD_COLLATION_CONNECTION=@@COLLATION_CONNECTION */;
/*!40101 SET NAMES utf8 */;

--
-- Baza danych: `weatherForecast`
--

-- --------------------------------------------------------

--
-- Struktura tabeli dla tabeli `admin`
--

DROP TABLE IF EXISTS `admin`;
CREATE TABLE IF NOT EXISTS `admin` (
  `admin_id` int(10) unsigned NOT NULL AUTO_INCREMENT,
  `admin_username` varchar(64) COLLATE latin1_general_ci NOT NULL,
  `admin_password` varchar(128) COLLATE latin1_general_ci NOT NULL,
  PRIMARY KEY (`admin_id`)
) ENGINE=InnoDB  DEFAULT CHARSET=latin1 COLLATE=latin1_general_ci AUTO_INCREMENT=2 ;

--
-- Zrzut danych tabeli `admin`
--

INSERT INTO `admin` (`admin_id`, `admin_username`, `admin_password`) VALUES
(1, 'admin', 'b109f3bbbc244eb82441917ed06d618b9008dd09b3befd1b5e07394c706a8bb980b1d7785e5976ec049b46df5f1326af5a2ea6d103fd07c95385ffab0cacbc86');

-- --------------------------------------------------------

--
-- Struktura tabeli dla tabeli `commandsMapping`
--

DROP TABLE IF EXISTS `commandsMapping`;
CREATE TABLE IF NOT EXISTS `commandsMapping` (
  `command_id` int(10) unsigned NOT NULL AUTO_INCREMENT,
  `command_providerId` int(10) unsigned NOT NULL,
  `command_orginal` varchar(127) COLLATE latin1_general_ci NOT NULL,
  `command_provider` varchar(127) COLLATE latin1_general_ci NOT NULL,
  PRIMARY KEY (`command_id`)
) ENGINE=InnoDB  DEFAULT CHARSET=latin1 COLLATE=latin1_general_ci AUTO_INCREMENT=5 ;

--
-- Zrzut danych tabeli `commandsMapping`
--

INSERT INTO `commandsMapping` (`command_id`, `command_providerId`, `command_orginal`, `command_provider`) VALUES
(1, 2, 'GetCitiesByCountry', 'GetCitiesByCountry'),
(2, 2, 'GetCitiesByCountryResult', 'GetCitiesByCountryResult'),
(3, 2, 'GetWeather', 'GetWeather'),
(4, 2, 'GetWeatherResult', 'GetWeatherResult');

-- --------------------------------------------------------

--
-- Struktura tabeli dla tabeli `fieldsMapping`
--

DROP TABLE IF EXISTS `fieldsMapping`;
CREATE TABLE IF NOT EXISTS `fieldsMapping` (
  `field_id` int(10) unsigned NOT NULL AUTO_INCREMENT,
  `field_providerId` int(10) unsigned NOT NULL,
  `field_field` varchar(127) COLLATE latin1_general_ci NOT NULL,
  `field_xpath` varchar(127) COLLATE latin1_general_ci NOT NULL,
  PRIMARY KEY (`field_id`)
) ENGINE=InnoDB  DEFAULT CHARSET=latin1 COLLATE=latin1_general_ci AUTO_INCREMENT=6 ;

--
-- Zrzut danych tabeli `fieldsMapping`
--

INSERT INTO `fieldsMapping` (`field_id`, `field_providerId`, `field_field`, `field_xpath`) VALUES
(1, 2, 'list_element', '/NewDataSet/Table'),
(2, 2, 'list_country', 'Country'),
(3, 2, 'list_city', 'City'),
(4, 2, 'list_argument_country', 'CountryName'),
(5, 2, 'list_argument_city', 'CityName');

-- --------------------------------------------------------

--
-- Struktura tabeli dla tabeli `locations`
--

DROP TABLE IF EXISTS `locations`;
CREATE TABLE IF NOT EXISTS `locations` (
  `location_id` int(10) unsigned NOT NULL AUTO_INCREMENT,
  `location_providerId` int(10) NOT NULL,
  `location_country` varchar(127) COLLATE latin1_general_ci NOT NULL,
  `location_city` varchar(127) COLLATE latin1_general_ci NOT NULL,
  `location_enabled` tinyint(1) NOT NULL DEFAULT '1',
  PRIMARY KEY (`location_id`)
) ENGINE=InnoDB  DEFAULT CHARSET=latin1 COLLATE=latin1_general_ci AUTO_INCREMENT=1591 ;

--
-- Zrzut danych tabeli `locations`
--

INSERT INTO `locations` (`location_id`, `location_providerId`, `location_country`, `location_city`, `location_enabled`) VALUES
(1, 2, 'poland', 'gdansk-rebiechowo', 1),
(2, 2, 'poland', 'krakow', 1),
(3, 2, 'poland', 'koszalin', 1),
(4, 2, 'poland', 'katowice', 1),
(5, 2, 'poland', 'poznan', 1),
(6, 2, 'poland', 'rzeszow-jasionka', 0),
(7, 2, 'poland', 'szczecin', 1),
(8, 2, 'poland', 'warszawa-okecie', 1),
(9, 2, 'poland', 'wroclaw ii', 1),
(10, 2, 'poland', 'zielona gora', 1),
(11, 2, 'saudi arabia', 'abha', 1),
(12, 2, 'saudi arabia', 'al ahsa', 1),
(13, 2, 'saudi arabia', 'al baha', 1),
(14, 2, 'saudi arabia', 'bisha', 1),
(15, 2, 'saudi arabia', 'dhahran', 1),
(16, 2, 'saudi arabia', 'dawadmi', 1),
(17, 2, 'saudi arabia', 'gizan', 1),
(18, 2, 'saudi arabia', 'gassim', 1),
(19, 2, 'saudi arabia', 'guriat', 1),
(20, 2, 'saudi arabia', 'hail', 1),
(21, 2, 'saudi arabia', 'jeddah', 1),
(22, 2, 'saudi arabia', 'jeddah king abdul aziz international airport', 1),
(23, 2, 'saudi arabia', 'hafr al-batin', 1),
(24, 2, 'saudi arabia', 'khamis mushait', 1),
(25, 2, 'saudi arabia', 'madinah', 1),
(26, 2, 'saudi arabia', 'makkah', 1),
(27, 2, 'saudi arabia', 'najran', 1),
(28, 2, 'saudi arabia', 'al qaysumah', 1),
(29, 2, 'saudi arabia', 'rafha', 1),
(30, 2, 'saudi arabia', 'king khaled international airport', 1),
(31, 2, 'saudi arabia', 'arar', 1),
(32, 2, 'saudi arabia', 'riyadh', 1),
(33, 2, 'saudi arabia', 'sharurah', 1),
(34, 2, 'saudi arabia', 'al-jouf', 1),
(35, 2, 'saudi arabia', 'tabuk', 1),
(36, 2, 'saudi arabia', 'taif', 1),
(37, 2, 'saudi arabia', 'turaif', 1),
(38, 2, 'saudi arabia', 'wadi al dawasser airport', 1),
(39, 2, 'saudi arabia', 'wejh', 1),
(40, 2, 'saudi arabia', 'yenbo', 1),
(1492, 2, 'germany', 'berlin-schoenefeld', 1),
(1493, 2, 'germany', 'dresden-klotzsche', 1),
(1494, 2, 'germany', 'erfurt-bindersleben', 1),
(1495, 2, 'germany', 'frankfurt / m-flughafen', 1),
(1496, 2, 'germany', 'muenster / osnabrueck', 1),
(1497, 2, 'germany', 'hamburg-fuhlsbuettel', 1),
(1498, 2, 'germany', 'berlin-tempelhof', 1),
(1499, 2, 'germany', 'koeln / bonn', 1),
(1500, 2, 'germany', 'duesseldorf', 1),
(1501, 2, 'germany', 'munich / riem', 1),
(1502, 2, 'germany', 'nuernberg', 1),
(1503, 2, 'germany', 'leipzig-schkeuditz', 1),
(1504, 2, 'germany', 'saarbruecken / ensheim', 1),
(1505, 2, 'germany', 'stuttgart-echterdingen', 1),
(1506, 2, 'germany', 'berlin-tegel', 1),
(1507, 2, 'germany', 'hannover', 1),
(1508, 2, 'germany', 'bremen', 1),
(1509, 2, 'germany', 'hahn', 1),
(1510, 2, 'germany', 'baden wurttemberg, neuostheim', 1),
(1511, 2, 'germany', 'hamburg-finkenwerder', 1),
(1512, 2, 'germany', 'luebeck-blankensee', 1),
(1513, 2, 'germany', 'monchengladbach', 1),
(1514, 2, 'germany', 'paderborn / lippstadt', 1),
(1515, 2, 'germany', 'dortmund / wickede', 1),
(1516, 2, 'germany', 'augsburg', 1),
(1517, 2, 'germany', 'oberpfaffenhofen', 1),
(1518, 2, 'germany', 'friedrichshafen', 1),
(1519, 2, 'germany', 'mecklenburg-vorpommern, parchim', 1),
(1520, 2, 'germany', 'bayreuth', 1),
(1521, 2, 'germany', 'hof', 1),
(1522, 2, 'germany', 'konstanz', 1),
(1523, 2, 'germany', 'braunschweig', 1),
(1524, 2, 'germany', 'kassel / calden', 1),
(1525, 2, 'germany', 'lemwerder', 1),
(1526, 2, 'germany', 'westerland / sylt', 1),
(1527, 2, 'germany', 'essen', 1),
(1528, 2, 'germany', 'spangdahlem', 1),
(1529, 2, 'germany', 'ramstein', 1),
(1530, 2, 'germany', 'sembach united states air force', 1),
(1531, 2, 'germany', 'aachen / merzbruck', 1),
(1532, 2, 'germany', 'ansbach / katterbach', 1),
(1533, 2, 'germany', 'bad kreuznach', 1),
(1534, 2, 'germany', 'giebelstadt', 1),
(1535, 2, 'germany', 'bergen', 1),
(1536, 2, 'germany', 'gluecksburg / meierwik', 1),
(1537, 2, 'germany', 'idar-oberstein', 1),
(1538, 2, 'germany', 'kuemmersruck', 1),
(1539, 2, 'germany', 'wittstock', 1),
(1540, 2, 'germany', 'kalkar', 1),
(1541, 2, 'germany', 'messstetten', 1),
(1542, 2, 'germany', 'altenstadt', 1),
(1543, 2, 'germany', 'bueckeburg', 1),
(1544, 2, 'germany', 'celle', 1),
(1545, 2, 'germany', 'rheine-bentlage', 1),
(1546, 2, 'germany', 'fritzlar', 1),
(1547, 2, 'germany', 'itzehoe', 1),
(1548, 2, 'germany', 'laupheim', 1),
(1549, 2, 'germany', 'mendig', 1),
(1550, 2, 'germany', 'niederstetten', 1),
(1551, 2, 'germany', 'roth', 1),
(1552, 2, 'germany', 'fassberg', 1),
(1553, 2, 'germany', 'cottbus flugplatz', 1),
(1554, 2, 'germany', 'grafenwoehr', 1),
(1555, 2, 'germany', 'hanau', 1),
(1556, 2, 'germany', 'heidelberg', 1),
(1557, 2, 'germany', 'hohenfels', 1),
(1558, 2, 'germany', 'illesheim', 1),
(1559, 2, 'germany', 'kitzingen usa  af', 1),
(1560, 2, 'germany', 'eggebek', 1),
(1561, 2, 'germany', 'kiel-holtenau', 1),
(1562, 2, 'germany', 'nordholz', 1),
(1563, 2, 'germany', 'diepholz', 1),
(1564, 2, 'germany', 'geilenkirchen', 1),
(1565, 2, 'germany', 'hohn', 1),
(1566, 2, 'germany', 'jever', 1),
(1567, 2, 'germany', 'laage', 1),
(1568, 2, 'germany', 'noervenich', 1),
(1569, 2, 'germany', 'hopsten', 1),
(1570, 2, 'germany', 'preschen', 1),
(1571, 2, 'germany', 'schleswig-jagel', 1),
(1572, 2, 'germany', 'wittmundhaven', 1),
(1573, 2, 'germany', 'trollenhagen', 1),
(1574, 2, 'germany', 'wunstorf', 1),
(1575, 2, 'germany', 'coleman mannheim', 1),
(1576, 2, 'germany', 'wiesbaden', 1),
(1577, 2, 'germany', 'landsberg', 1),
(1578, 2, 'germany', 'buechel', 1),
(1579, 2, 'germany', 'erding', 1),
(1580, 2, 'germany', 'fuerstenfeldbruck', 1),
(1581, 2, 'germany', 'holzdorf', 1),
(1582, 2, 'germany', 'ingolstadt', 1),
(1583, 2, 'germany', 'lechfeld', 1),
(1584, 2, 'germany', 'memmingen', 1),
(1585, 2, 'germany', 'neuburg / donau', 1),
(1586, 2, 'germany', 'pferdsfeld', 1),
(1587, 2, 'germany', 'laarbruch', 1),
(1588, 2, 'germany', 'nordhorn', 1),
(1589, 2, 'germany', 'guetersloh', 1),
(1590, 2, 'germany', 'brueggen', 1);

-- --------------------------------------------------------

--
-- Struktura tabeli dla tabeli `providers`
--

DROP TABLE IF EXISTS `providers`;
CREATE TABLE IF NOT EXISTS `providers` (
  `provider_id` int(10) unsigned NOT NULL AUTO_INCREMENT,
  `provider_name` varchar(127) COLLATE latin1_general_ci NOT NULL,
  `provider_uri` varchar(255) COLLATE latin1_general_ci NOT NULL,
  PRIMARY KEY (`provider_id`)
) ENGINE=InnoDB  DEFAULT CHARSET=latin1 COLLATE=latin1_general_ci AUTO_INCREMENT=3 ;

--
-- Zrzut danych tabeli `providers`
--

INSERT INTO `providers` (`provider_id`, `provider_name`, `provider_uri`) VALUES
(2, 'webservicex', 'http://www.webservicex.com/globalweather.asmx?WSDL');

-- --------------------------------------------------------

--
-- Struktura tabeli dla tabeli `setup`
--

DROP TABLE IF EXISTS `setup`;
CREATE TABLE IF NOT EXISTS `setup` (
  `setup_id` int(10) unsigned NOT NULL AUTO_INCREMENT,
  `setup_name` varchar(127) COLLATE latin1_general_ci NOT NULL,
  `setup_value` varchar(127) COLLATE latin1_general_ci NOT NULL,
  PRIMARY KEY (`setup_id`)
) ENGINE=InnoDB  DEFAULT CHARSET=latin1 COLLATE=latin1_general_ci AUTO_INCREMENT=4 ;

--
-- Zrzut danych tabeli `setup`
--

INSERT INTO `setup` (`setup_id`, `setup_name`, `setup_value`) VALUES
(1, 'SOAP_timeout', '10'),
(2, 'admin_username', 'admin'),
(3, 'admin_password', 'test');

-- --------------------------------------------------------

--
-- Struktura tabeli dla tabeli `weather`
--

DROP TABLE IF EXISTS `weather`;
CREATE TABLE IF NOT EXISTS `weather` (
  `weather_id` int(10) unsigned NOT NULL AUTO_INCREMENT,
  `weather_providerId` int(10) unsigned NOT NULL,
  `weather_locationId` int(10) unsigned NOT NULL,
  `weather_data` blob NOT NULL,
  `weather_timestamp` int(10) unsigned NOT NULL,
  PRIMARY KEY (`weather_id`)
) ENGINE=InnoDB  DEFAULT CHARSET=latin1 COLLATE=latin1_general_ci AUTO_INCREMENT=32 ;

--
-- Zrzut danych tabeli `weather`
--

INSERT INTO `weather` (`weather_id`, `weather_providerId`, `weather_locationId`, `weather_data`, `weather_timestamp`) VALUES
(1, 2, 10, 0x613a393a7b733a383a224c6f636174696f6e223b733a34373a225a69656c6f6e6120476f72612c20506f6c616e64202845505a47292035312d35364e203031352d333245203139324d223b733a343a2254696d65223b733a34393a224f63742032352c2032303039202d2030373a303020414d20454454202f20323030392e31302e3235203131303020555443223b733a343a2257696e64223b733a34333a222066726f6d20746865205320283138302064656772656573292061742039204d5048202838204b54293a30223b733a31303a225669736962696c697479223b733a31323a222034206d696c652873293a30223b733a31313a2254656d7065726174757265223b733a31323a22203531204620283131204329223b733a383a22446577506f696e74223b733a31313a222034362046202838204329223b733a31363a2252656c617469766548756d6964697479223b733a343a2220383125223b733a383a225072657373757265223b733a32343a222032392e393720696e2e2048672028313031352068506129223b733a363a22537461747573223b733a373a2253756363657373223b7d, 1371555779),
(2, 2, 4, 0x613a393a7b733a383a224c6f636174696f6e223b733a34333a224b61746f776963652c20506f6c616e64202845504b54292035302d31344e203031392d303245203238344d223b733a343a2254696d65223b733a34393a224a756e2031372c2032303133202d2030363a303020504d20454454202f20323031332e30362e3137203232303020555443223b733a343a2257696e64223b733a34333a222066726f6d20746865204520283039302064656772656573292061742035204d5048202834204b54293a30223b733a31303a225669736962696c697479223b733a32353a222067726561746572207468616e2037206d696c652873293a30223b733a31313a2254656d7065726174757265223b733a31323a22203632204620283137204329223b733a383a22446577506f696e74223b733a31323a22203537204620283134204329223b733a31363a2252656c617469766548756d6964697479223b733a343a2220383225223b733a383a225072657373757265223b733a32343a222033302e303620696e2e2048672028313031382068506129223b733a363a22537461747573223b733a373a2253756363657373223b7d, 1371507454),
(3, 2, 39, 0x613a393a7b733a383a224c6f636174696f6e223b733a34343a2257656a682c2053617564692041726162696120284f45574a292032362d31324e203033362d3238452032314d223b733a343a2254696d65223b733a34393a224a756e2031362c2032303133202d2030333a303020504d20454454202f20323031332e30362e3136203139303020555443223b733a343a2257696e64223b733a34333a222066726f6d20746865204e20283336302064656772656573292061742035204d5048202834204b54293a30223b733a31303a225669736962696c697479223b733a32353a222067726561746572207468616e2037206d696c652873293a30223b733a31313a2254656d7065726174757265223b733a31323a22203738204620283236204329223b733a383a22446577506f696e74223b733a31323a22203731204620283232204329223b733a31363a2252656c617469766548756d6964697479223b733a343a2220373825223b733a383a225072657373757265223b733a32343a222032392e363820696e2e2048672028313030352068506129223b733a363a22537461747573223b733a373a2253756363657373223b7d, 1371411029),
(4, 2, 1, 0x613a393a7b733a383a224c6f636174696f6e223b733a35323a224764616e736b2d526562696563686f776f2c20506f6c616e64202845504744292035342d32334e203031382d323845203133384d223b733a343a2254696d65223b733a34393a224a756e2031382c2032303133202d2030313a333020504d20454454202f20323031332e30362e3138203137333020555443223b733a343a2257696e64223b733a36353a222066726f6d20746865204e4520283034302064656772656573292061742036204d5048202835204b54292028646972656374696f6e207661726961626c65293a30223b733a31303a225669736962696c697479223b733a32353a222067726561746572207468616e2037206d696c652873293a30223b733a31313a2254656d7065726174757265223b733a31323a22203636204620283139204329223b733a383a22446577506f696e74223b733a31323a22203531204620283131204329223b733a31363a2252656c617469766548756d6964697479223b733a343a2220353925223b733a383a225072657373757265223b733a32343a222033302e303620696e2e2048672028313031382068506129223b733a363a22537461747573223b733a373a2253756363657373223b7d, 1371578545),
(5, 2, 6, 0x613a393a7b733a383a224c6f636174696f6e223b733a35313a22527a65737a6f772d4a6173696f6e6b612c20506f6c616e6420284550525a292035302d30364e203032322d303345203230324d223b733a343a2254696d65223b733a34393a224a756e2031372c2032303133202d2030353a333020504d20454454202f20323031332e30362e3137203231333020555443223b733a343a2257696e64223b733a34353a222066726f6d20746865204e4e4520283032302064656772656573292061742033204d5048202833204b54293a30223b733a31303a225669736962696c697479223b733a32353a222067726561746572207468616e2037206d696c652873293a30223b733a31313a2254656d7065726174757265223b733a31323a22203634204620283138204329223b733a383a22446577506f696e74223b733a31323a22203630204620283136204329223b733a31363a2252656c617469766548756d6964697479223b733a343a2220383825223b733a383a225072657373757265223b733a32343a222033302e303920696e2e2048672028313031392068506129223b733a363a22537461747573223b733a373a2253756363657373223b7d, 1371505100),
(6, 2, 11, 0x613a31303a7b733a383a224c6f636174696f6e223b733a34363a22416268612c2053617564692041726162696120284f454142292031382d31344e203034322d33394520323039334d223b733a343a2254696d65223b733a34393a224a756e2031382c2032303133202d2031313a303020414d20454454202f20323031332e30362e3138203135303020555443223b733a343a2257696e64223b733a34353a222066726f6d2074686520572028323730206465677265657329206174203135204d504820283133204b54293a30223b733a31303a225669736962696c697479223b733a32353a222067726561746572207468616e2037206d696c652873293a30223b733a31333a22536b79436f6e646974696f6e73223b733a31343a2220706172746c7920636c6f756479223b733a31313a2254656d7065726174757265223b733a31323a22203738204620283236204329223b733a383a22446577506f696e74223b733a31313a222033392046202834204329223b733a31363a2252656c617469766548756d6964697479223b733a343a2220323425223b733a383a225072657373757265223b733a32343a222033302e303920696e2e2048672028313031392068506129223b733a363a22537461747573223b733a373a2253756363657373223b7d, 1371570639),
(7, 2, 21, 0x613a393a7b733a383a224c6f636174696f6e223b733a38353a224a6564646168204b696e6720416264756c20417a697a20496e7465726e6174696f6e616c20416972706f7274202c2053617564692041726162696120284f454a4e292032312d34324e203033392d3131452031374d223b733a343a2254696d65223b733a34393a224a756e2031372c2032303133202d2030343a303020504d20454454202f20323031332e30362e3137203230303020555443223b733a343a2257696e64223b733a34353a222066726f6d20746865204e2028333630206465677265657329206174203233204d504820283230204b54293a30223b733a31303a225669736962696c697479223b733a32353a222067726561746572207468616e2037206d696c652873293a30223b733a31313a2254656d7065726174757265223b733a31323a22203836204620283330204329223b733a383a22446577506f696e74223b733a31323a22203638204620283230204329223b733a31363a2252656c617469766548756d6964697479223b733a343a2220353525223b733a383a225072657373757265223b733a32343a222032392e363220696e2e2048672028313030332068506129223b733a363a22537461747573223b733a373a2253756363657373223b7d, 1371502611),
(8, 2, 28, 0x613a393a7b733a383a224c6f636174696f6e223b733a35323a22416c2051617973756d61682c2053617564692041726162696120284f455041292032382d31394e203034362d303745203336304d223b733a343a2254696d65223b733a34393a224a756e2031372c2032303133202d2030343a303020504d20454454202f20323031332e30362e3137203230303020555443223b733a343a2257696e64223b733a34333a222066726f6d20746865204e20283336302064656772656573292061742037204d5048202836204b54293a30223b733a31303a225669736962696c697479223b733a32353a222067726561746572207468616e2037206d696c652873293a30223b733a31313a2254656d7065726174757265223b733a31323a22203931204620283333204329223b733a383a22446577506f696e74223b733a31323a22203535204620283133204329223b733a31363a2252656c617469766548756d6964697479223b733a343a2220323925223b733a383a225072657373757265223b733a32343a222032392e353620696e2e2048672028313030312068506129223b733a363a22537461747573223b733a373a2253756363657373223b7d, 1371502615),
(9, 2, 25, 0x613a31303a7b733a383a224c6f636174696f6e223b733a34383a224d6164696e61682c2053617564692041726162696120284f454d41292032342d33334e203033392d343245203633364d223b733a343a2254696d65223b733a34393a224a756e2031372c2032303133202d2030343a303020504d20454454202f20323031332e30362e3137203230303020555443223b733a343a2257696e64223b733a34353a222066726f6d207468652053535720283230302064656772656573292061742035204d5048202834204b54293a30223b733a31303a225669736962696c697479223b733a31323a222035206d696c652873293a30223b733a31333a22536b79436f6e646974696f6e73223b733a363a2220636c656172223b733a31313a2254656d7065726174757265223b733a31323a22203931204620283333204329223b733a383a22446577506f696e74223b733a31313a222033392046202834204329223b733a31363a2252656c617469766548756d6964697479223b733a343a2220313625223b733a383a225072657373757265223b733a32343a222032392e373120696e2e2048672028313030362068506129223b733a363a22537461747573223b733a373a2253756363657373223b7d, 1371502853),
(10, 2, 9, 0x613a393a7b733a383a224c6f636174696f6e223b733a34353a2257726f636c61772049692c20506f6c616e64202845505752292035312d30364e203031362d353345203132314d223b733a343a2254696d65223b733a34393a224a756e2031372c2032303133202d2030353a333020504d20454454202f20323031332e30362e3137203231333020555443223b733a343a2257696e64223b733a34343a222066726f6d2074686520534520283133302064656772656573292061742033204d5048202833204b54293a30223b733a31303a225669736962696c697479223b733a32353a222067726561746572207468616e2037206d696c652873293a30223b733a31313a2254656d7065726174757265223b733a31323a22203639204620283231204329223b733a383a22446577506f696e74223b733a31323a22203539204620283135204329223b733a31363a2252656c617469766548756d6964697479223b733a343a2220363825223b733a383a225072657373757265223b733a32343a222033302e303320696e2e2048672028313031372068506129223b733a363a22537461747573223b733a373a2253756363657373223b7d, 1371505420),
(11, 2, 5, 0x613a393a7b733a383a224c6f636174696f6e223b733a34303a22506f7a6e616e2c20506f6c616e6420284550504f292035322d32354e203031362d3530452039324d223b733a343a2254696d65223b733a34393a224a756e2031372c2032303133202d2030353a333020504d20454454202f20323031332e30362e3137203231333020555443223b733a343a2257696e64223b733a373a222043616c6d3a30223b733a31303a225669736962696c697479223b733a32353a222067726561746572207468616e2037206d696c652873293a30223b733a31313a2254656d7065726174757265223b733a31323a22203634204620283138204329223b733a383a22446577506f696e74223b733a31323a22203531204620283131204329223b733a31363a2252656c617469766548756d6964697479223b733a343a2220363325223b733a383a225072657373757265223b733a32343a222033302e303320696e2e2048672028313031372068506129223b733a363a22537461747573223b733a373a2253756363657373223b7d, 1371505454),
(12, 2, 13, 0x613a393a7b733a383a224c6f636174696f6e223b733a34393a22416c20426168612c2053617564692041726162696120284f454241292032302d31384e203034312d33384520313636324d223b733a343a2254696d65223b733a34393a224a756e2031372c2032303133202d2030343a303020504d20454454202f20323031332e30362e3137203230303020555443223b733a343a2257696e64223b733a34343a222066726f6d20746865204e5720283331302064656772656573292061742033204d5048202833204b54293a30223b733a31303a225669736962696c697479223b733a32353a222067726561746572207468616e2037206d696c652873293a30223b733a31313a2254656d7065726174757265223b733a31323a22203737204620283235204329223b733a383a22446577506f696e74223b733a31313a222034312046202835204329223b733a31363a2252656c617469766548756d6964697479223b733a343a2220323725223b733a383a225072657373757265223b733a32343a222033302e303020696e2e2048672028313031362068506129223b733a363a22537461747573223b733a373a2253756363657373223b7d, 1371502872),
(13, 2, 19, 0x613a393a7b733a383a224c6f636174696f6e223b733a34373a224775726961742c2053617564692041726162696120284f454754292033312d32344e203033372d313645203530344d223b733a343a2254696d65223b733a34393a224a756e2031382c2032303133202d2031313a303020414d20454454202f20323031332e30362e3138203135303020555443223b733a343a2257696e64223b733a34353a222066726f6d2074686520572028323830206465677265657329206174203233204d504820283230204b54293a30223b733a31303a225669736962696c697479223b733a32353a222067726561746572207468616e2037206d696c652873293a30223b733a31313a2254656d7065726174757265223b733a31323a22203931204620283333204329223b733a383a22446577506f696e74223b733a31323a22203530204620283130204329223b733a31363a2252656c617469766548756d6964697479223b733a343a2220323425223b733a383a225072657373757265223b733a32343a222032392e363220696e2e2048672028313030332068506129223b733a363a22537461747573223b733a373a2253756363657373223b7d, 1371570579),
(14, 2, 7, 0x613a393a7b733a383a224c6f636174696f6e223b733a34313a22537a637a6563696e2c20506f6c616e64202845505343292035332d32344e203031342d33374520334d223b733a343a2254696d65223b733a34393a224a756e2031382c2032303133202d2030313a333020504d20454454202f20323031332e30362e3138203137333020555443223b733a343a2257696e64223b733a34333a222066726f6d20746865204e20283031302064656772656573292061742038204d5048202837204b54293a30223b733a31303a225669736962696c697479223b733a32353a222067726561746572207468616e2037206d696c652873293a30223b733a31313a2254656d7065726174757265223b733a31323a22203733204620283233204329223b733a383a22446577506f696e74223b733a31323a22203531204620283131204329223b733a31363a2252656c617469766548756d6964697479223b733a343a2220343625223b733a383a225072657373757265223b733a32343a222033302e303620696e2e2048672028313031382068506129223b733a363a22537461747573223b733a373a2253756363657373223b7d, 1371577718),
(15, 2, 15, 0x613a393a7b733a383a224c6f636174696f6e223b733a34373a224468616872616e2c2053617564692041726162696120284f454452292032362d31364e203035302d3039452031374d223b733a343a2254696d65223b733a34393a224a756e2031372c2032303133202d2030343a303020504d20454454202f20323031332e30362e3137203230303020555443223b733a343a2257696e64223b733a34353a222066726f6d20746865204e2028333530206465677265657329206174203136204d504820283134204b54293a30223b733a31303a225669736962696c697479223b733a32353a222067726561746572207468616e2037206d696c652873293a30223b733a31313a2254656d7065726174757265223b733a31323a22203936204620283336204329223b733a383a22446577506f696e74223b733a31313a222034342046202837204329223b733a31363a2252656c617469766548756d6964697479223b733a343a2220313625223b733a383a225072657373757265223b733a32343a222032392e333520696e2e2048672028303939342068506129223b733a363a22537461747573223b733a373a2253756363657373223b7d, 1371503635),
(16, 2, 17, 0x613a31303a7b733a383a224c6f636174696f6e223b733a34343a2247697a616e2c2053617564692041726162696120284f45474e292031362d35344e203034322d33354520374d223b733a343a2254696d65223b733a34393a224a756e2031372c2032303133202d2030353a303020504d20454454202f20323031332e30362e3137203231303020555443223b733a343a2257696e64223b733a373a222043616c6d3a30223b733a31303a225669736962696c697479223b733a32353a222067726561746572207468616e2037206d696c652873293a30223b733a31333a22536b79436f6e646974696f6e73223b733a31343a2220706172746c7920636c6f756479223b733a31313a2254656d7065726174757265223b733a31323a22203839204620283332204329223b733a383a22446577506f696e74223b733a31323a22203735204620283234204329223b733a31363a2252656c617469766548756d6964697479223b733a343a2220363225223b733a383a225072657373757265223b733a32343a222032392e353920696e2e2048672028313030322068506129223b733a363a22537461747573223b733a373a2253756363657373223b7d, 1371504766),
(17, 2, 8, 0x613a393a7b733a383a224c6f636174696f6e223b733a35303a22576172737a6177612d4f6b656369652c20506f6c616e64202845505741292035322d31304e203032302d353845203130374d223b733a343a2254696d65223b733a34393a224a756e2031372c2032303133202d2030353a333020504d20454454202f20323031332e30362e3137203231333020555443223b733a343a2257696e64223b733a34333a222066726f6d20746865204520283039302064656772656573292061742033204d5048202833204b54293a30223b733a31303a225669736962696c697479223b733a32353a222067726561746572207468616e2037206d696c652873293a30223b733a31313a2254656d7065726174757265223b733a31323a22203634204620283138204329223b733a383a22446577506f696e74223b733a31313a222034382046202839204329223b733a31363a2252656c617469766548756d6964697479223b733a343a2220353525223b733a383a225072657373757265223b733a32343a222033302e303920696e2e2048672028313031392068506129223b733a363a22537461747573223b733a373a2253756363657373223b7d, 1371505136),
(18, 2, 22, 0x613a393a7b733a383a224c6f636174696f6e223b733a38353a224a6564646168204b696e6720416264756c20417a697a20496e7465726e6174696f6e616c20416972706f7274202c2053617564692041726162696120284f454a4e292032312d34324e203033392d3131452031374d223b733a343a2254696d65223b733a34393a224a756e2031372c2032303133202d2030353a303020504d20454454202f20323031332e30362e3137203231303020555443223b733a343a2257696e64223b733a34353a222066726f6d20746865204e2028333630206465677265657329206174203235204d504820283232204b54293a30223b733a31303a225669736962696c697479223b733a32353a222067726561746572207468616e2037206d696c652873293a30223b733a31313a2254656d7065726174757265223b733a31323a22203834204620283239204329223b733a383a22446577506f696e74223b733a31323a22203638204620283230204329223b733a31363a2252656c617469766548756d6964697479223b733a343a2220353825223b733a383a225072657373757265223b733a32343a222032392e353920696e2e2048672028313030322068506129223b733a363a22537461747573223b733a373a2253756363657373223b7d, 1371505207),
(19, 2, 14, 0x613a31303a7b733a383a224c6f636174696f6e223b733a34373a2242697368612c2053617564692041726162696120284f454248292031392d35394e203034322d33374520313136334d223b733a343a2254696d65223b733a34393a224a756e2031372c2032303133202d2030353a303020504d20454454202f20323031332e30362e3137203231303020555443223b733a343a2257696e64223b733a34353a222066726f6d207468652057535720283234302064656772656573292061742032204d5048202832204b54293a30223b733a31303a225669736962696c697479223b733a31323a222034206d696c652873293a30223b733a31333a22536b79436f6e646974696f6e73223b733a363a2220636c656172223b733a31313a2254656d7065726174757265223b733a31323a22203834204620283239204329223b733a383a22446577506f696e74223b733a31313a222034382046202839204329223b733a31363a2252656c617469766548756d6964697479223b733a343a2220323825223b733a383a225072657373757265223b733a32343a222032392e383520696e2e2048672028313031312068506129223b733a363a22537461747573223b733a373a2253756363657373223b7d, 1371505212),
(20, 2, 18, 0x613a393a7b733a383a224c6f636174696f6e223b733a34373a2247617373696d2c2053617564692041726162696120284f454753292032362d31384e203034332d343645203635304d223b733a343a2254696d65223b733a34393a224a756e2031372c2032303133202d2030373a303020504d20454454202f20323031332e30362e3137203233303020555443223b733a343a2257696e64223b733a34343a222066726f6d20746865204e4520283034302064656772656573292061742037204d5048202836204b54293a30223b733a31303a225669736962696c697479223b733a32353a222067726561746572207468616e2037206d696c652873293a30223b733a31313a2254656d7065726174757265223b733a31323a22203837204620283331204329223b733a383a22446577506f696e74223b733a31313a222034362046202838204329223b733a31363a2252656c617469766548756d6964697479223b733a343a2220323325223b733a383a225072657373757265223b733a32343a222032392e353620696e2e2048672028313030312068506129223b733a363a22537461747573223b733a373a2253756363657373223b7d, 1371511632),
(21, 2, 2, 0x613a393a7b733a383a224c6f636174696f6e223b733a34313a224b72616b6f772c20506f6c616e64202845504b4b292035302d30354e203031392d343845203233374d223b733a343a2254696d65223b733a34393a224a756e2031382c2032303133202d2030343a303020414d20454454202f20323031332e30362e3138203038303020555443223b733a343a2257696e64223b733a32373a22205661726961626c652061742032204d5048202832204b54293a30223b733a31303a225669736962696c697479223b733a32353a222067726561746572207468616e2037206d696c652873293a30223b733a31313a2254656d7065726174757265223b733a31323a22203830204620283237204329223b733a383a22446577506f696e74223b733a31323a22203638204620283230204329223b733a31363a2252656c617469766548756d6964697479223b733a343a2220363525223b733a383a225072657373757265223b733a32343a222033302e303320696e2e2048672028313031372068506129223b733a363a22537461747573223b733a373a2253756363657373223b7d, 1371544078),
(22, 2, 16, 0x613a393a7b733a383a224c6f636174696f6e223b733a34383a2244617761646d692c2053617564692041726162696120284f454457292032342d33304e203034342d323145203939314d223b733a343a2254696d65223b733a34393a224d61722030392c2032303131202d2031323a303020504d20455354202f20323031312e30332e3039203137303020555443223b733a343a2257696e64223b733a34353a222066726f6d20746865204e4e5720283333302064656772656573292061742036204d5048202835204b54293a30223b733a31303a225669736962696c697479223b733a32353a222067726561746572207468616e2037206d696c652873293a30223b733a31313a2254656d7065726174757265223b733a31323a22203731204620283232204329223b733a383a22446577506f696e74223b733a31313a222034342046202837204329223b733a31363a2252656c617469766548756d6964697479223b733a343a2220333725223b733a383a225072657373757265223b733a32343a222033302e303020696e2e2048672028313031362068506129223b733a363a22537461747573223b733a373a2253756363657373223b7d, 1371570654),
(23, 2, 48, 0x613a31303a7b733a383a224c6f636174696f6e223b733a36343a224b494e472053414c4d4f4e20414952504f52542c20414b2c20556e6974656420537461746573202850414b4e292035382d34314e203135362d3339572031304d223b733a343a2254696d65223b733a34393a224a756e2031382c2032303133202d2030363a353420414d20454454202f20323031332e30362e3138203130353420555443223b733a343a2257696e64223b733a34353a222066726f6d207468652053534520283136302064656772656573292061742039204d5048202838204b54293a30223b733a31303a225669736962696c697479223b733a31333a22203130206d696c652873293a30223b733a31333a22536b79436f6e646974696f6e73223b733a363a2220636c656172223b733a31313a2254656d7065726174757265223b733a31363a222035302e302046202831302e30204329223b733a383a22446577506f696e74223b733a31353a222034382e3020462028382e39204329223b733a31363a2252656c617469766548756d6964697479223b733a343a2220393225223b733a383a225072657373757265223b733a32343a222032392e393620696e2e2048672028313031342068506129223b733a363a22537461747573223b733a373a2253756363657373223b7d, 1371557354),
(24, 2, 53, 0x613a31303a7b733a383a224c6f636174696f6e223b733a34393a224472756d6d6f6e642c204d542c20556e697465642053746174657320284b334455292034362d34304e203131332d303957223b733a343a2254696d65223b733a34393a225365702033302c2032303132202d2030373a343020504d20454454202f20323031322e30392e3330203233343020555443223b733a343a2257696e64223b733a34373a222066726f6d2074686520574e572028333030206465677265657329206174203133204d504820283131204b54293a30223b733a31303a225669736962696c697479223b733a31333a22203230206d696c652873293a30223b733a31333a22536b79436f6e646974696f6e73223b733a31343a22206d6f73746c7920636c6f756479223b733a31313a2254656d7065726174757265223b733a31363a222037332e392046202832332e33204329223b733a383a22446577506f696e74223b733a31353a222033382e3520462028332e36204329223b733a31363a2252656c617469766548756d6964697479223b733a343a2220323725223b733a31363a22507265737375726554656e64656e6379223b733a34393a2220302e303220696e636865732028302e372068506129206c6f776572207468616e20746872656520686f7572732061676f223b733a363a22537461747573223b733a373a2253756363657373223b7d, 1371557540),
(25, 2, 52, 0x613a31313a7b733a383a224c6f636174696f6e223b733a37383a2242554646414c4f204a4f484e534f4e20434f554e545920414952504f5254202c2057592c20556e697465642053746174657320284b425947292034342d32334e203130362d34335720313439374d223b733a343a2254696d65223b733a34393a224a756e2031382c2032303133202d2030373a353320414d20454454202f20323031332e30362e3138203131353320555443223b733a343a2257696e64223b733a34373a222066726f6d20746865205353452028313630206465677265657329206174203132204d504820283130204b54293a30223b733a31303a225669736962696c697479223b733a31333a22203130206d696c652873293a30223b733a31333a22536b79436f6e646974696f6e73223b733a363a2220636c656172223b733a31313a2254656d7065726174757265223b733a31363a222036312e302046202831362e31204329223b733a383a22446577506f696e74223b733a31353a222034342e3120462028362e37204329223b733a31363a2252656c617469766548756d6964697479223b733a343a2220353325223b733a383a225072657373757265223b733a32343a222033302e303620696e2e2048672028313031372068506129223b733a31363a22507265737375726554656e64656e6379223b733a34393a2220302e303420696e636865732028312e322068506129206c6f776572207468616e20746872656520686f7572732061676f223b733a363a22537461747573223b733a373a2253756363657373223b7d, 1371557500),
(26, 2, 50, 0x613a31313a7b733a383a224c6f636174696f6e223b733a36393a224461726520436f756e74792047756e6e6572792052616e67652c204e432c20556e697465642053746174657320284b324450292033352d34304e203037352d35345720334d223b733a343a2254696d65223b733a34393a224a756e2031382c2032303133202d2030373a353620414d20454454202f20323031332e30362e3138203131353620555443223b733a343a2257696e64223b733a34343a222066726f6d2074686520535720283233302064656772656573292061742037204d5048202836204b54293a30223b733a31303a225669736962696c697479223b733a31333a22203132206d696c652873293a30223b733a31333a22536b79436f6e646974696f6e73223b733a31343a22206d6f73746c7920636c6f756479223b733a31313a2254656d7065726174757265223b733a31363a222037352e372046202832342e33204329223b733a383a22446577506f696e74223b733a31363a222037322e302046202832322e32204329223b733a31363a2252656c617469766548756d6964697479223b733a343a2220383825223b733a383a225072657373757265223b733a32343a222032392e393720696e2e2048672028313031342068506129223b733a31363a22507265737375726554656e64656e6379223b733a35303a2220302e303120696e636865732028302e32206850612920686967686572207468616e20746872656520686f7572732061676f223b733a363a22537461747573223b733a373a2253756363657373223b7d, 1371557504),
(27, 2, 12, 0x613a393a7b733a383a224c6f636174696f6e223b733a34383a22416c20416873612c2053617564692041726162696120284f454148292032352d31384e203034392d323945203137384d223b733a343a2254696d65223b733a34393a224a756e2031382c2032303133202d2031313a303020414d20454454202f20323031332e30362e3138203135303020555443223b733a343a2257696e64223b733a34353a222066726f6d20746865204e4e4520283033302064656772656573292061742039204d5048202838204b54293a30223b733a31303a225669736962696c697479223b733a32353a222067726561746572207468616e2037206d696c652873293a30223b733a31313a2254656d7065726174757265223b733a31333a2220313035204620283431204329223b733a383a22446577506f696e74223b733a31313a222033392046202834204329223b733a31363a2252656c617469766548756d6964697479223b733a343a2220313025223b733a383a225072657373757265223b733a32343a222032392e343420696e2e2048672028303939372068506129223b733a363a22537461747573223b733a373a2253756363657373223b7d, 1371570566),
(28, 2, 1492, 0x613a393a7b733a383a224c6f636174696f6e223b733a35333a224265726c696e2d5363686f656e6566656c642c204765726d616e79202845444442292035322d32334e203031332d3331452035304d223b733a343a2254696d65223b733a34393a224a756e2031382c2032303133202d2031323a353020504d20454454202f20323031332e30362e3138203136353020555443223b733a343a2257696e64223b733a34353a222066726f6d2074686520454e4520283036302064656772656573292061742039204d5048202838204b54293a30223b733a31303a225669736962696c697479223b733a32353a222067726561746572207468616e2037206d696c652873293a30223b733a31313a2254656d7065726174757265223b733a31323a22203830204620283237204329223b733a383a22446577506f696e74223b733a31323a22203630204620283136204329223b733a31363a2252656c617469766548756d6964697479223b733a343a2220353025223b733a383a225072657373757265223b733a32343a222033302e303020696e2e2048672028313031362068506129223b733a363a22537461747573223b733a373a2253756363657373223b7d, 1371574969),
(29, 2, 1505, 0x613a393a7b733a383a224c6f636174696f6e223b733a35383a225374757474676172742d45636874657264696e67656e2c204765726d616e79202845444453292034382d34314e203030392d313345203339314d223b733a343a2254696d65223b733a34393a224a756e2031382c2032303133202d2031323a353020504d20454454202f20323031332e30362e3138203136353020555443223b733a343a2257696e64223b733a34343a222066726f6d2074686520452028313030206465677265657329206174203130204d5048202839204b54293a30223b733a31303a225669736962696c697479223b733a32353a222067726561746572207468616e2037206d696c652873293a30223b733a31313a2254656d7065726174757265223b733a31323a22203839204620283332204329223b733a383a22446577506f696e74223b733a31323a22203632204620283137204329223b733a31363a2252656c617469766548756d6964697479223b733a343a2220343025223b733a383a225072657373757265223b733a32343a222032392e393120696e2e2048672028313031332068506129223b733a363a22537461747573223b733a373a2253756363657373223b7d, 1371574972),
(30, 2, 1506, 0x613a393a7b733a383a224c6f636174696f6e223b733a34373a224265726c696e2d546567656c2c204765726d616e79202845444454292035322d33344e203031332d3139452033374d223b733a343a2254696d65223b733a34393a224a756e2031382c2032303133202d2031323a353020504d20454454202f20323031332e30362e3138203136353020555443223b733a343a2257696e64223b733a34343a222066726f6d20746865204e4520283035302064656772656573292061742038204d5048202837204b54293a30223b733a31303a225669736962696c697479223b733a32353a222067726561746572207468616e2037206d696c652873293a30223b733a31313a2254656d7065726174757265223b733a31323a22203832204620283238204329223b733a383a22446577506f696e74223b733a31323a22203539204620283135204329223b733a31363a2252656c617469766548756d6964697479223b733a343a2220343525223b733a383a225072657373757265223b733a32343a222033302e303320696e2e2048672028313031372068506129223b733a363a22537461747573223b733a373a2253756363657373223b7d, 1371574977),
(31, 2, 1502, 0x613a393a7b733a383a224c6f636174696f6e223b733a34353a224e7565726e626572672c204765726d616e7920284544444e292034392d33304e203031312d303345203331384d223b733a343a2254696d65223b733a34393a224a756e2031382c2032303133202d2031323a323020504d20454454202f20323031332e30362e3138203136323020555443223b733a343a2257696e64223b733a34353a222066726f6d20746865204e4e4520283032302064656772656573292061742037204d5048202836204b54293a30223b733a31303a225669736962696c697479223b733a32353a222067726561746572207468616e2037206d696c652873293a30223b733a31313a2254656d7065726174757265223b733a31323a22203933204620283334204329223b733a383a22446577506f696e74223b733a31323a22203537204620283134204329223b733a31363a2252656c617469766548756d6964697479223b733a343a2220333025223b733a383a225072657373757265223b733a32343a222032392e393720696e2e2048672028313031352068506129223b733a363a22537461747573223b733a373a2253756363657373223b7d, 1371574993);

/*!40101 SET CHARACTER_SET_CLIENT=@OLD_CHARACTER_SET_CLIENT */;
/*!40101 SET CHARACTER_SET_RESULTS=@OLD_CHARACTER_SET_RESULTS */;
/*!40101 SET COLLATION_CONNECTION=@OLD_COLLATION_CONNECTION */;
